"relative_path","Length","LastWriteTime"
"20251208_Hedy_DREADD_injection\IMG_2390.JPG","6292476","12/8/2025 9:44:44 AM"
"20251208_Hedy_DREADD_injection\IMG_2391.JPG","7015577","12/8/2025 9:44:54 AM"
"20251208_Hedy_DREADD_injection\IMG_2392.JPG","7728513","12/8/2025 9:45:03 AM"
"20251208_Hedy_DREADD_injection\IMG_2393.JPG","8757612","12/8/2025 9:45:16 AM"
"20251208_Hedy_DREADD_injection\IMG_2394.JPG","8841913","12/8/2025 10:08:24 AM"
"20251208_Hedy_DREADD_injection\IMG_2395.JPG","8505023","12/8/2025 10:42:02 AM"
"20251208_Hedy_DREADD_injection\IMG_2396.JPG","8487830","12/8/2025 11:38:56 AM"
"20251208_Hedy_DREADD_injection\IMG_2397.JPG","8009916","12/8/2025 11:39:10 AM"
"20251208_Hedy_DREADD_injection\IMG_2398.JPG","8377390","12/8/2025 11:39:18 AM"
"20251208_Hedy_DREADD_injection\IMG_2399.JPG","7781930","12/8/2025 11:51:51 AM"
"20251208_Hedy_DREADD_injection\IMG_2400.JPG","7235897","12/8/2025 11:52:07 AM"
"20251208_Hedy_DREADD_injection\IMG_2401.JPG","6085925","12/8/2025 11:52:28 AM"
"20251208_Hedy_DREADD_injection\IMG_2402.JPG","6434688","12/8/2025 11:52:40 AM"
"20251208_Hedy_DREADD_injection\IMG_2403.JPG","5646059","12/8/2025 11:53:24 AM"
"20251208_Hedy_DREADD_injection\IMG_2404.JPG","6376371","12/8/2025 11:53:36 AM"
"20251208_Hedy_DREADD_injection\IMG_2406.JPG","6875961","12/8/2025 11:56:17 AM"
"20251208_Hedy_DREADD_injection\IMG_2407.JPG","6922112","12/8/2025 11:56:33 AM"
"20251208_Hedy_DREADD_injection\IMG_2408.JPG","6714580","12/8/2025 11:58:29 AM"
"20251208_Hedy_DREADD_injection\IMG_2409.JPG","7820043","12/8/2025 12:08:27 PM"
"20251208_Hedy_DREADD_injection\IMG_2410.JPG","7253320","12/8/2025 12:12:40 PM"
"20251208_Hedy_DREADD_injection\IMG_2411.JPG","6879888","12/8/2025 12:13:25 PM"
"20251208_Hedy_DREADD_injection\IMG_2412.JPG","6155556","12/8/2025 12:15:36 PM"
"20251208_Hedy_DREADD_injection\IMG_2413.JPG","6661493","12/8/2025 12:17:49 PM"
"20251208_Hedy_DREADD_injection\IMG_2414.JPG","6956588","12/8/2025 12:18:35 PM"
"20251208_Hedy_DREADD_injection\IMG_2416.JPG","7198176","12/8/2025 12:32:35 PM"
"20251208_Hedy_DREADD_injection\IMG_2418.JPG","7727466","12/8/2025 12:42:47 PM"
"20251208_Hedy_DREADD_injection\IMG_2419.JPG","6855445","12/8/2025 1:00:03 PM"
"20251208_Hedy_DREADD_injection\IMG_2420.JPG","6198033","12/8/2025 1:20:29 PM"
"20251208_Hedy_DREADD_injection\IMG_2421.JPG","7170705","12/8/2025 1:20:39 PM"
"20251208_Hedy_DREADD_injection\IMG_2422.JPG","6579120","12/8/2025 1:22:33 PM"
"20251208_Hedy_DREADD_injection\IMG_2423.JPG","6309475","12/8/2025 1:22:54 PM"
"20251208_Hedy_DREADD_injection\IMG_2424.JPG","6823975","12/8/2025 1:33:45 PM"
"20251208_Hedy_DREADD_injection\IMG_2425.JPG","7881317","12/8/2025 1:53:32 PM"
"20251208_Hedy_DREADD_injection\IMG_2426.JPG","6740707","12/8/2025 1:54:06 PM"
"20251208_Hedy_DREADD_injection\IMG_2427.JPG","6731673","12/8/2025 2:02:24 PM"
"20251208_Hedy_DREADD_injection\IMG_2428.JPG","6260850","12/8/2025 2:18:28 PM"
"20251208_Hedy_DREADD_injection\IMG_2429.JPG","7530849","12/8/2025 2:56:13 PM"
"20251208_Hedy_DREADD_injection\IMG_2430.JPG","7684240","12/8/2025 2:56:21 PM"
"20251208_Hedy_DREADD_injection\IMG_2431.JPG","7035926","12/8/2025 4:36:36 PM"
"20251208_Hedy_DREADD_injection\IMG_2432.JPG","5907104","12/8/2025 4:36:45 PM"
"20260331_Hedy_terminal\image0.jpeg","725895","4/1/2026 1:47:22 PM"
"20260331_Hedy_terminal\image1.jpeg","928864","4/1/2026 1:47:22 PM"
"20260331_Hedy_terminal\image2.jpeg","928700","4/1/2026 1:47:22 PM"
"20260331_Hedy_terminal\image3.jpeg","484135","4/1/2026 1:47:22 PM"
"20260331_Hedy_terminal\image4.jpeg","1016317","4/1/2026 1:47:22 PM"
"20260331_Hedy_terminal\image5.jpeg","1333112","4/1/2026 1:47:22 PM"
"20260331_Hedy_terminal\image6.jpeg","1356960","4/1/2026 1:47:22 PM"
"20260331_Hedy_terminal\image7.jpeg","1016296","4/1/2026 1:47:22 PM"
"20260331_Hedy_terminal\image8.jpeg","1439347","4/1/2026 1:47:22 PM"
"20260331_Hedy_terminal\IMG_2669.JPG","8034274","3/31/2026 11:17:04 AM"
"20260331_Hedy_terminal\IMG_2670.JPG","8922139","3/31/2026 11:17:21 AM"
"20260331_Hedy_terminal\IMG_2671.JPG","7064822","3/31/2026 11:17:35 AM"
"20260331_Hedy_terminal\IMG_2672.JPG","8921100","3/31/2026 11:17:50 AM"
"20260331_Hedy_terminal\IMG_2673.JPG","7784513","3/31/2026 11:18:00 AM"
"20260331_Hedy_terminal\IMG_2674.JPG","9407199","3/31/2026 11:41:42 AM"
"20260331_Hedy_terminal\IMG_2675.JPG","7592405","3/31/2026 11:41:59 AM"
"20260331_Hedy_terminal\IMG_2676.JPG","8959344","3/31/2026 11:50:23 AM"
"20260331_Hedy_terminal\IMG_2677.JPG","8004173","3/31/2026 11:50:50 AM"
"20260331_Hedy_terminal\IMG_2678.JPG","7982361","3/31/2026 11:52:29 AM"
"20260331_Hedy_terminal\IMG_2679.JPG","7271847","3/31/2026 12:01:00 PM"
"20260331_Hedy_terminal\IMG_2680.JPG","7169701","3/31/2026 12:02:34 PM"
"20260331_Hedy_terminal\IMG_2681.JPG","7095240","3/31/2026 12:02:59 PM"
"20260331_Hedy_terminal\IMG_2682.JPG","6363019","3/31/2026 12:03:11 PM"
"20260331_Hedy_terminal\IMG_2683.JPG","6711408","3/31/2026 12:03:22 PM"
"20260331_Hedy_terminal\IMG_2684.JPG","6856157","3/31/2026 12:03:32 PM"
"20260331_Hedy_terminal\IMG_2686.JPG","6066260","3/31/2026 2:23:21 PM"
"20260331_Hedy_terminal\IMG_2687.JPG","5728997","3/31/2026 2:23:54 PM"
"20260331_Hedy_terminal\IMG_2688.JPG","6372731","3/31/2026 2:24:09 PM"
"20260331_Hedy_terminal\IMG_2689.JPG","5144639","3/31/2026 2:24:59 PM"
"20260331_Hedy_terminal\IMG_2690.JPG","6058523","3/31/2026 2:25:32 PM"
"20260331_Hedy_terminal\IMG_2691.JPG","5804193","3/31/2026 2:26:18 PM"
